construct,promoter,name,ts,miR,ts_num,ts_kind,ts_loc,miR_loc,design,group,pKG
UT,na,untransfected,na,na,0,–,na,na,0,un,0
UI,na,uninfected,na,na,0,–,na,na,0,un,0
KL012,pMXs,pMXs-MCP-mCherry,none,none,0,na,na,na,0,base,683
KL019,pMXs,pMXs-MCP-mCherry(miR.FF3)-TS.FF3x1,FF3x1,miR.FF3,1,T,3',CDS,1,controller,689
KL020,pMXs,pMXs-MCP-mCherry(miR.FF3)-TS.FF3x4,FF3x4,miR.FF3,4,T,3',CDS,1,controller,690
KL021,pMXs,pMXs-MCP-mCherry(miR.FF3)-TS.FF5x4,FF5x4,miR.FF3,4,NT,3',CDS,1,controller,691
RC013,CMV,CMV-MCP-mCherry(miR.FF3)-TS.FF3x1,FF3x1,miR.FF3,1,T,3',CDS,1,controller,-1
RC014,CMV,CMV-MCP-mCherry(miR.FF3)-TS.FF3x4,FF3x4,miR.FF3,4,T,3',CDS,1,controller,-1
RC015,CMV,CMV-MCP-mCherry(miR.FF3)-TS.FF5x4,FF5x4,miR.FF3,4,NT,3',CDS,1,controller,-1
RC016,CMV,CMV-MCP-mCherry(miR.FF5)-TS.FF3x4,FF3x4,miR.FF5,4,NT,3',CDS,1,controller,-1
RC017,CMV,CMV-MCP-mCherry(miR.FF5)-TS.FF5x1,FF5x1,miR.FF5,1,T,3',CDS,1,controller,-1
RC018,CMV,CMV-MCP-mCherry(miR.FF5)-TS.FF5x4,FF5x4,miR.FF5,4,T,3',CDS,1,controller,-1
RC043,UbC,UbC-tagBFP-bGH,na,na,0,na,na,na,0,marker,1231
RC047.v2,CMV,CMV-TS.FF3x4-MCP-mCherry(miR.FF5)-bGH,FF3x4,miR.FF5,4,NT,5',CDS,2,controller,-1
RC049,CMV,CMV-TS.FF5x4-MCP-mCherry(miR.FF5)-bGH,FF5x4,miR.FF5,4,T,5',CDS,2,controller,-1
RC051.v2,CMV,CMV-TS.FF3x4-MCP-mCherry-miR.FF5-bGH,FF3x4,miR.FF5,4,NT,5',UTR,3,controller,-1
RC053,CMV,CMV-TS.FF5x4-MCP-mCherry-miR.FF5-bGH,FF5x4,miR.FF5,4,T,5',UTR,3,controller,-1
RC054,CMV,CMV-TS.FF3x3.5x1-MCP-mCherry(miR.FF5)-bGH,FF3x3.5x1,miR.FF5,1,T,5',CDS,2,controller,-1
RC055,CMV,CMV-TS.FF3x3.5x1-MCP-mCherry-miR.FF5-bGH,FF3x3.5x1,miR.FF5,1,T,5',UTR,3,controller,-1
RC056,pMXs,pMXs-MCP-mCherry(miR.FF5)-TS.FF3x4,FF3x4,miR.FF5,4,NT,3',CDS,1,controller,-1
RC057,pMXs,pMXs-MCP-mCherry(miR.FF5)-TS.FF5x4,FF5x4,miR.FF5,4,T,3',CDS,1,controller,-1
RC058,pMXs,pMXs-TS.FF3x4-MCP-mCherry-miR.FF5,FF3x4,miR.FF5,4,NT,5',UTR,3,controller,-1
RC059,pMXs,pMXs-TS.FF5x4-MCP-mCherry-miR.FF5,FF5x4,miR.FF5,4,T,5',UTR,3,controller,-1
RC060,pMXs,pMXs-MCP-mCherry(miR.FF5)-TS.FF5x1,FF5x1,miR.FF5,1,T,3',CDS,1,controller,-1
RC061,pMXs,pMXs-TS.FF3x3.5x1-MCP-mCherry-miR.FF5,FF3x3.5x1,miR.FF5,1,T,5',UTR,3,controller,-1
RC062,TRE3G,TRE3G-MCP-mCherry(miR.FF5)-TS.FF3x4-bGH,FF3x4,miR.FF5,4,NT,3',CDS,1,controller,-1
RC063,TRE3G,TRE3G-MCP-mCherry(miR.FF5)-TS.FF5x4-bGH,FF5x4,miR.FF5,4,T,3',CDS,1,controller,-1
RC064,TRE3G,TRE3G-TS.FF3x4-MCP-mCherry(miR.FF5)-bGH,FF3x4,miR.FF5,4,NT,5',CDS,2,controller,-1
RC065,TRE3G,TRE3G-TS.FF5x4-MCP-mCherry(miR.FF5)-bGH,FF5x4,miR.FF5,4,T,5',CDS,2,controller,-1
RC066,TRE3G,TRE3G-TS.FF3x4-MCP-mCherry-miR.FF5-bGH,FF3x4,miR.FF5,4,NT,5',UTR,3,controller,-1
RC067,TRE3G,TRE3G-TS.FF5x4-MCP-mCherry-miR.FF5-bGH,FF5x4,miR.FF5,4,T,5',UTR,3,controller,-1
RC068,TRE3G,TRE3G-MCP-mCherry-bGH,none,none,0,na,na,na,0,base,-1
RC069,EFS,EFS-mRuby2-bGH,none,none,0,na,na,na,0,base,1850
RC070,EFS,EFS-mRuby2(miRE.FF4)-TS.FF6x4-bGH,FF6x4,miRE.FF4,4,NT,3',CDS,1,controller,-1
RC071,EFS,EFS-mRuby2(miRE.FF4)-TS.FF6x3.4x1-bGH,FF6x3.4x1,miRE.FF4,1,T,3',CDS,1,controller,-1
RC072,EFS,EFS-mRuby2(miRE.FF4)-TS.FF4x4-bGH,FF4x4,miRE.FF4,4,T,3',CDS,1,controller,-1
RC073,EFS,EFS-TS.FF6x4-mRuby2(miRE.FF4)-bGH,FF6x4,miRE.FF4,4,NT,5',CDS,2,controller,-1
RC074,EFS,EFS-TS.FF6x3.4x1-mRuby2(miRE.FF4)-bGH,FF6x3.4x1,miRE.FF4,1,T,5',CDS,2,controller,-1
RC075,EFS,EFS-TS.FF4x4-mRuby2(miRE.FF4)-bGH,FF4x4,miRE.FF4,4,T,5',CDS,2,controller,-1
RC076,EFS,EFS-TS.FF6x4-mRuby2-miRE.FF4-bGH,FF6x4,miRE.FF4,4,NT,5',UTR,3,controller,-1
RC077,EFS,EFS-TS.FF6x3.4x1-mRuby2-miRE.FF4-bGH,FF6x3.4x1,miRE.FF4,1,T,5',UTR,3,controller,-1
RC078,EFS,EFS-TS.FF4x4-mRuby2-miRE.FF4-bGH,FF4x4,miRE.FF4,4,T,5',UTR,3,controller,-1
RC079,hPGK,hPGK-mRuby2-bGH,none,none,0,na,na,na,0,base,1851
RC080,hPGK,hPGK-mRuby2(miRE.FF4)-TS.FF6x4-bGH,FF6x4,miRE.FF4,4,NT,3',CDS,1,controller,-1
RC081,hPGK,hPGK-mRuby2(miRE.FF4)-TS.FF6x3.4x1-bGH,FF6x3.4x1,miRE.FF4,1,T,3',CDS,1,controller,-1
RC082,hPGK,hPGK-mRuby2(miRE.FF4)-TS.FF4x4-bGH,FF4x4,miRE.FF4,4,T,3',CDS,1,controller,-1
RC083,hPGK,hPGK-TS.FF6x4-mRuby2(miRE.FF4)-bGH,FF6x4,miRE.FF4,4,NT,5',CDS,2,controller,-1
RC084,hPGK,hPGK-TS.FF6x3.4x1-mRuby2(miRE.FF4)-bGH,FF6x3.4x1,miRE.FF4,1,T,5',CDS,2,controller,-1
RC085,hPGK,hPGK-TS.FF4x4-mRuby2(miRE.FF4)-bGH,FF4x4,miRE.FF4,4,T,5',CDS,2,controller,-1
RC086,hPGK,hPGK-TS.FF6x4-mRuby2-miRE.FF4-bGH,FF6x4,miRE.FF4,4,NT,5',UTR,3,controller,-1
RC087,hPGK,hPGK-TS.FF6x3.4x1-mRuby2-miRE.FF4-bGH,FF6x3.4x1,miRE.FF4,1,T,5',UTR,3,controller,-1
RC088,hPGK,hPGK-TS.FF4x4-mRuby2-miRE.FF4-bGH,FF4x4,miRE.FF4,4,T,5',UTR,3,controller,-1
RC089,UbC,UbC-mGL-WPRE,na,na,0,na,na,na,0,marker,1852
RC090,UbC,UbC-PuroR-T2A-mGL-SV40pA,na,na,0,na,na,na,0,marker,1853
RC091,EFS,EFS-MCP-mCherry(miR.FF5)-TS.FF3x4-bGH,FF3x4,miR.FF5,4,NT,3',CDS,1,controller,-1
RC092,EFS,EFS-MCP-mCherry(miR.FF5)-TS.FF5x4-bGH,FF5x4,miR.FF5,4,T,3',CDS,1,controller,-1
RC093,EFS,EFS-TS.FF3x4-MCP-mCherry(miR.FF5)-bGH,FF3x4,miR.FF5,4,NT,5',CDS,2,controller,-1
RC094,EFS,EFS-TS.FF5x4-MCP-mCherry(miR.FF5)-bGH,FF5x4,miR.FF5,4,T,5',CDS,2,controller,-1
RC095,EFS,EFS-TS.FF3x4-MCP-mCherry-miR.FF5-bGH,FF3x4,miR.FF5,4,NT,5',UTR,3,controller,-1
RC096,EFS,EFS-TS.FF5x4-MCP-mCherry-miR.FF5-bGH,FF5x4,miR.FF5,4,T,5',UTR,3,controller,-1
RC097,hPGK,hPGK-MCP-mCherry(miR.FF5)-TS.FF3x4-bGH,FF3x4,miR.FF5,4,NT,3',CDS,1,controller,-1
RC098,hPGK,hPGK-MCP-mCherry(miR.FF5)-TS.FF5x4-bGH,FF5x4,miR.FF5,4,T,3',CDS,1,controller,-1
RC099,hPGK,hPGK-TS.FF3x4-MCP-mCherry(miR.FF5)-bGH,FF3x4,miR.FF5,4,NT,5',CDS,2,controller,-1
RC100,hPGK,hPGK-TS.FF5x4-MCP-mCherry(miR.FF5)-bGH,FF5x4,miR.FF5,4,T,5',CDS,2,controller,-1
RC101,hPGK,hPGK-TS.FF3x4-MCP-mCherry-miR.FF5-bGH,FF3x4,miR.FF5,4,NT,5',UTR,3,controller,-1
RC102,hPGK,hPGK-TS.FF5x4-MCP-mCherry-miR.FF5-bGH,FF5x4,miR.FF5,4,T,5',UTR,3,controller,-1
RC103,EFS,EFS-mRuby2(miRE.FF4)-bGH,none,miRE.FF4,0,na,na,CDS,0,miR,-1
RC104,EFS,EFS-mRuby2-miRE.FF4-bGH,none,miRE.FF4,0,na,na,UTR,0,miR,-1
RC105,EFS,EFS-mRuby2(miRE.FF4)-TS.FF6x1-bGH,FF6x1,miRE.FF4,1,NT,3',CDS,1,controller,3781
RC106,EFS,EFS-mRuby2(miRE.FF4)-TS.FF4x1-bGH,FF4x1,miRE.FF4,1,T,3',CDS,1,controller,3782
RC107,EFS,EFS-TS.FF6x1-mRuby2(miRE.FF4)-bGH,FF6x1,miRE.FF4,1,NT,5',CDS,2,controller,-1
RC108,EFS,EFS-TS.FF4x1-mRuby2(miRE.FF4)-bGH,FF4x1,miRE.FF4,1,T,5',CDS,2,controller,-1
RC109,EFS,EFS-TS.FF6x1-mRuby2-miRE.FF4-bGH,FF6x1,miRE.FF4,1,NT,5',UTR,3,controller,-1
RC110,EFS,EFS-TS.FF4x1-mRuby2-miRE.FF4-bGH,FF4x1,miRE.FF4,1,T,5',UTR,3,controller,-1
RC111,hPGK,hPGK-mRuby2(miRE.FF4)-bGH,none,miRE.FF4,0,na,na,CDS,0,miR,-1
RC112,hPGK,hPGK-mRuby2-miRE.FF4-bGH,none,miRE.FF4,0,na,na,UTR,0,miR,-1
RC113,hPGK,hPGK-mRuby2(miRE.FF4)-TS.FF6x1-bGH,FF6x1,miRE.FF4,1,NT,3',CDS,1,controller,3783
RC114,hPGK,hPGK-mRuby2(miRE.FF4)-TS.FF4x1-bGH,FF4x1,miRE.FF4,1,T,3',CDS,1,controller,3784
RC115,hPGK,hPGK-TS.FF6x1-mRuby2(miRE.FF4)-bGH,FF6x1,miRE.FF4,1,NT,5',CDS,2,controller,-1
RC116,hPGK,hPGK-TS.FF4x1-mRuby2(miRE.FF4)-bGH,FF4x1,miRE.FF4,1,T,5',CDS,2,controller,-1
RC117,hPGK,hPGK-TS.FF6x1-mRuby2-miRE.FF4-bGH,FF6x1,miRE.FF4,1,NT,5',UTR,3,controller,-1
RC118,hPGK,hPGK-TS.FF4x1-mRuby2-miRE.FF4-bGH,FF4x1,miRE.FF4,1,T,5',UTR,3,controller,-1
RC120,EFS,EFS-mRuby2-TS.FF6x1-bGH,FF6x1,none,1,NT,3',na,0,ts3,-1
RC121,EFS,EFS-mRuby2-TS.FF4x1-bGH,FF4x1,none,1,T,3',na,0,ts3,-1
RC122,EFS,EFS-TS.FF6x1-mRuby2-bGH,FF6x1,none,1,NT,5',na,0,ts5,-1
RC123,EFS,EFS-TS.FF4x1-mRuby2-bGH,FF4x1,none,1,T,5',na,0,ts5,-1
RC124,TRE3G,TRE3G-mRuby2-TS.FF6x1-bGH,FF6x1,none,1,NT,3',na,0,ts3,2585
RC125,TRE3G,TRE3G-mRuby2-TS.FF4x1-bGH,FF4x1,none,1,T,3',na,0,ts3,2586
RC126,TRE3G,TRE3G-TS.FF6x1-mRuby2-bGH,FF6x1,none,1,NT,5',na,0,ts5,2587
RC127,TRE3G,TRE3G-TS.FF4x1-mRuby2-bGH,FF4x1,none,1,T,5',na,0,ts5,2588
RC128,TRE3G,TRE3G-mRuby2(miRE.FF4)-bGH,none,miRE.FF4,0,na,na,CDS,0,miR,2589
RC129,TRE3G,TRE3G-mRuby2-miRE.FF4-bGH,none,miRE.FF4,0,na,na,UTR,0,miR,2590
RC130,TRE3G,TRE3G-mRuby2(miRE.FF4)-TS.FF6x1-bGH,FF6x1,miRE.FF4,1,NT,3',CDS,1,controller,3785
RC131,TRE3G,TRE3G-mRuby2(miRE.FF4)-TS.FF4x1-bGH,FF4x1,miRE.FF4,1,T,3',CDS,1,controller,3786
RC132,TRE3G,TRE3G-TS.FF6x1-mRuby2(miRE.FF4)-bGH,FF6x1,miRE.FF4,1,NT,5',CDS,2,controller,3787
RC133,TRE3G,TRE3G-TS.FF4x1-mRuby2(miRE.FF4)-bGH,FF4x1,miRE.FF4,1,T,5',CDS,2,controller,3788
RC134,TRE3G,TRE3G-TS.FF6x1-mRuby2-miRE.FF4-bGH,FF6x1,miRE.FF4,1,NT,5',UTR,3,controller,3789
RC135,TRE3G,TRE3G-TS.FF4x1-mRuby2-miRE.FF4-bGH,FF4x1,miRE.FF4,1,T,5',UTR,3,controller,3790
RC136,EFS,EFS-TS.FF6x1-mRuby2-WPRE,FF6x1,none,1,NT,5',na,0,ts5,2627
RC137,EFS,EFS-TS.FF4x1-mRuby2-WPRE,FF4x1,none,1,T,5',na,0,ts5,2628
RC138,EFS,EFS-mRuby2-TS.FF6x1-WPRE,FF6x1,none,1,NT,3',na,0,ts3,2629
RC139,EFS,EFS-mRuby2-TS.FF4x1-WPRE,FF4x1,none,1,T,3',na,0,ts3,2630
RC140,EF1a,EF1a-mRuby2-bGH,none,none,0,na,na,na,0,base,3107
RC141,EF1a,EF1a-mRuby2(miRE.FF4)-bGH,none,miRE.FF4,0,na,na,CDS,0,miR,3108
RC142,EF1a,EF1a-mRuby2(miRE.FF4)-TS.FF6x1-bGH,FF6x1,miRE.FF4,1,NT,3',CDS,1,controller,3109
RC143,EF1a,EF1a-mRuby2(miRE.FF4)-TS.FF4x1-bGH,FF4x1,miRE.FF4,1,T,3',CDS,1,controller,3110
RC144,EF1a,EF1a-mRuby2-TS.FF6x1-bGH,FF6x1,none,1,NT,3',na,0,ts3,3111
RC145,EF1a,EF1a-mRuby2-TS.FF4x1-bGH,FF4x1,none,1,T,3',na,0,ts3,3112
RC146,pMXs,pMXs-mRuby2(miRE.FF4)-MCS-WPRE,none,miRE.FF4,0,na,na,CDS,0,miR,3113
RC147,pMXs,pMXs-mRuby2(miRE.FF4)-TS.FF6x1-WPRE,FF6x1,miRE.FF4,1,NT,3',CDS,1,controller,3114
RC148,pMXs,pMXs-mRuby2(miRE.FF4)-TS.FF4x1-WPRE,FF4x1,miRE.FF4,1,T,3',CDS,1,controller,3115
RC149,pMXs,pMXs-mRuby2-TS.FF6x1-WPRE,FF6x1,none,1,NT,3',na,0,ts3,3116
RC150,pMXs,pMXs-mRuby2-TS.FF4x1-WPRE,FF4x1,none,1,T,3',na,0,ts3,3117
GEEC302,hPGK,hPGK-rtTA-P2A-mGL-WPRE,na,na,0,na,na,na,0,marker,1385
GEEC265,TRE3G,TRE3G-mRuby2-bGH,none,none,0,na,na,na,0,base,1487
RC151,hPGK,hPGK-mRuby2-TS.FF3x1-bGH,FF3x1,none,1,NT,3',na,0,ts3,3118
RC152,hPGK,hPGK-mRuby2-TS.FF4x1-bGH,FF4x1,none,1,T,3',na,0,ts3,3119
RC153,hPGK,hPGK-mRuby2-TS.FF5x1-bGH,FF5x1,none,1,T,3',na,0,ts3,3120
RC154,hPGK,hPGK-mRuby2-TS.FF6x1-bGH,FF6x1,none,1,NT,3',na,0,ts3,3121
RC155,hPGK,hPGK-TS.FF3x1-mRuby2-bGH,FF3x1,none,1,NT,5',na,0,ts5,3122
RC156,hPGK,hPGK-TS.FF4x1-mRuby2-bGH,FF4x1,none,1,T,5',na,0,ts5,3123
RC157,hPGK,hPGK-TS.FF5x1-mRuby2-bGH,FF5x1,none,1,T,5',na,0,ts5,3124
RC158,hPGK,hPGK-TS.FF6x1-mRuby2-bGH,FF6x1,none,1,NT,5',na,0,ts5,3125
RC159,EF1a,EF1a-mRuby2-TS.FF3x1-bGH,FF3x1,none,1,NT,3',na,0,ts3,3126
RC160,EF1a,EF1a-mRuby2-TS.FF4x1-bGH,FF4x1,none,1,T,3',na,0,ts3,3127
RC161,EF1a,EF1a-mRuby2-TS.FF5x1-bGH,FF5x1,none,1,T,3',na,0,ts3,3128
RC162,EF1a,EF1a-mRuby2-TS.FF6x1-bGH,FF6x1,none,1,NT,3',na,0,ts3,3129
RC163,EF1a,EF1a-TS.FF3x1-mRuby2-bGH,FF3x1,none,1,NT,5',na,0,ts5,3130
RC164,EF1a,EF1a-TS.FF4x1-mRuby2-bGH,FF4x1,none,1,T,5',na,0,ts5,3131
RC165,EF1a,EF1a-TS.FF5x1-mRuby2-bGH,FF5x1,none,1,T,5',na,0,ts5,3132
RC166,EF1a,EF1a-TS.FF6x1-mRuby2-bGH,FF6x1,none,1,NT,5',na,0,ts5,3133
RC167,hPGK,hPGK-mRuby2(miR.FF5)-bGH,none,miR.FF5,0,na,na,CDS,0,miR,3134
RC168,hPGK,hPGK-mRuby2-miR.FF5-bGH,none,miR.FF5,0,na,na,UTR,0,miR,3135
RC169,hPGK,hPGK-mRuby2(miR.FF5)-TS.FF6x1-bGH,FF6x1,miR.FF5,1,NT,3',CDS,1,controller,3136
RC170,hPGK,hPGK-mRuby2(miR.FF5)-TS.FF5x1-bGH,FF5x1,miR.FF5,1,T,3',CDS,1,controller,3137
RC171,hPGK,hPGK-mRuby2(miR.FF5)-TS.FF3x1-bGH,FF3x1,miR.FF5,1,NT,3',CDS,1,controller,3138
RC172,hPGK,hPGK-TS.FF6x1-mRuby2(miR.FF5)-bGH,FF6x1,miR.FF5,1,NT,5',CDS,2,controller,3139
RC173,hPGK,hPGK-TS.FF5x1-mRuby2(miR.FF5)-bGH,FF5x1,miR.FF5,1,T,5',CDS,2,controller,3140
RC174,hPGK,hPGK-TS.FF3x1-mRuby2(miR.FF5)-bGH,FF3x1,miR.FF5,1,NT,5',CDS,2,controller,3141
RC175,hPGK,hPGK-TS.FF6x1-mRuby2-miR.FF5-bGH,FF6x1,miR.FF5,1,NT,5',UTR,3,controller,3142
RC176,hPGK,hPGK-TS.FF5x1-mRuby2-miR.FF5-bGH,FF5x1,miR.FF5,1,T,5',UTR,3,controller,3143
RC177,hPGK,hPGK-TS.FF3x1-mRuby2-miR.FF5-bGH,FF3x1,miR.FF5,1,NT,5',UTR,3,controller,3144
RC178,EF1a,EF1a-mRuby2(miR.FF5)-bGH,none,miR.FF5,0,na,na,CDS,0,miR,3145
RC179,EF1a,EF1a-mRuby2-miR.FF5-bGH,none,miR.FF5,0,na,na,UTR,0,miR,3146
RC180,EF1a,EF1a-mRuby2(miR.FF5)-TS.FF6x1-bGH,FF6x1,miR.FF5,1,NT,3',CDS,1,controller,3147
RC181,EF1a,EF1a-mRuby2(miR.FF5)-TS.FF5x1-bGH,FF5x1,miR.FF5,1,T,3',CDS,1,controller,3148
RC182,EF1a,EF1a-mRuby2(miR.FF5)-TS.FF3x1-bGH,FF3x1,miR.FF5,1,NT,3',CDS,1,controller,3149
RC183,EF1a,EF1a-TS.FF6x1-mRuby2(miR.FF5)-bGH,FF6x1,miR.FF5,1,NT,5',CDS,2,controller,3150
RC184,EF1a,EF1a-TS.FF5x1-mRuby2(miR.FF5)-bGH,FF5x1,miR.FF5,1,T,5',CDS,2,controller,3151
RC185,EF1a,EF1a-TS.FF3x1-mRuby2(miR.FF5)-bGH,FF3x1,miR.FF5,1,NT,5',CDS,2,controller,3152
RC186,EF1a,EF1a-TS.FF6x1-mRuby2-miR.FF5-bGH,FF6x1,miR.FF5,1,NT,5',UTR,3,controller,3153
RC187,EF1a,EF1a-TS.FF5x1-mRuby2-miR.FF5-bGH,FF5x1,miR.FF5,1,T,5',UTR,3,controller,3154
RC188,EF1a,EF1a-TS.FF3x1-mRuby2-miR.FF5-bGH,FF3x1,miR.FF5,1,NT,5',UTR,3,controller,3155
RC189,hPGK,hPGK-mRuby2(miR.FF4)-bGH,none,miR.FF4,0,na,na,CDS,0,miR,3156
RC190,hPGK,hPGK-mRuby2-miR.FF4-bGH,none,miR.FF4,0,na,na,UTR,0,miR,3157
RC191,hPGK,hPGK-mRuby2(miR.FF4)-TS.FF6x1-bGH,FF6x1,miR.FF4,1,NT,3',CDS,1,controller,3158
RC192,hPGK,hPGK-mRuby2(miR.FF4)-TS.FF4x1-bGH,FF4x1,miR.FF4,1,T,3',CDS,1,controller,3159
RC193,hPGK,hPGK-TS.FF6x1-mRuby2(miR.FF4)-bGH,FF6x1,miR.FF4,1,NT,5',CDS,2,controller,3160
RC194,hPGK,hPGK-TS.FF4x1-mRuby2(miR.FF4)-bGH,FF4x1,miR.FF4,1,T,5',CDS,2,controller,3161
RC195,hPGK,hPGK-TS.FF6x1-mRuby2-miR.FF4-bGH,FF6x1,miR.FF4,1,NT,5',UTR,3,controller,3162
RC196,hPGK,hPGK-TS.FF4x1-mRuby2-miR.FF4-bGH,FF4x1,miR.FF4,1,T,5',UTR,3,controller,3163
RC197,EF1a,EF1a-mRuby2(miR.FF4)-bGH,none,miR.FF4,0,na,na,CDS,0,miR,3164
RC198,EF1a,EF1a-mRuby2-miR.FF4-bGH,none,miR.FF4,0,na,na,UTR,0,miR,3165
RC199,EF1a,EF1a-mRuby2(miR.FF4)-TS.FF6x1-bGH,FF6x1,miR.FF4,1,NT,3',CDS,1,controller,3166
RC200,EF1a,EF1a-mRuby2(miR.FF4)-TS.FF4x1-bGH,FF4x1,miR.FF4,1,T,3',CDS,1,controller,3167
RC201,EF1a,EF1a-TS.FF6x1-mRuby2(miR.FF4)-bGH,FF6x1,miR.FF4,1,NT,5',CDS,2,controller,3168
RC202,EF1a,EF1a-TS.FF4x1-mRuby2(miR.FF4)-bGH,FF4x1,miR.FF4,1,T,5',CDS,2,controller,3169
RC203,EF1a,EF1a-TS.FF6x1-mRuby2-miR.FF4-bGH,FF6x1,miR.FF4,1,NT,5',UTR,3,controller,3170
RC204,EF1a,EF1a-TS.FF4x1-mRuby2-miR.FF4-bGH,FF4x1,miR.FF4,1,T,5',UTR,3,controller,3171
RC205,CAG,CAG-mGL-bGH,na,na,0,na,na,na,0,marker,0
RC206,EF1a,EF1a-mRuby2-miRE.FF4-bGH,none,miRE.FF4,0,na,na,UTR,0,miR,3172
RC207,EF1a,EF1a-TS.FF6x1-mRuby2(miRE.FF4)-bGH,FF6x1,miRE.FF4,1,NT,5',CDS,2,controller,3173
RC208,EF1a,EF1a-TS.FF4x1-mRuby2(miRE.FF4)-bGH,FF4x1,miRE.FF4,1,T,5',CDS,2,controller,3174
RC209,EF1a,EF1a-TS.FF6x1-mRuby2-miRE.FF4-bGH,FF6x1,miRE.FF4,1,NT,5',UTR,3,controller,3175
RC210,EF1a,EF1a-TS.FF4x1-mRuby2-miRE.FF4-bGH,FF4x1,miRE.FF4,1,T,5',UTR,3,controller,3176
RC211,hPGK,hPGK-mRuby2(miRE.FF5)-bGH,none,miRE.FF5,0,na,na,CDS,0,miR,2971
RC212,hPGK,hPGK-mRuby2-miRE.FF5-bGH,none,miRE.FF5,0,na,na,UTR,0,miR,2956
RC213,hPGK,hPGK-mRuby2(miRE.FF5)-TS.FF6x1-bGH,FF6x1,miRE.FF5,1,NT,3',CDS,1,controller,2972
RC214,hPGK,hPGK-mRuby2(miRE.FF5)-TS.FF5x1-bGH,FF5x1,miRE.FF5,1,T,3',CDS,1,controller,2973
RC215,hPGK,hPGK-TS.FF6x1-mRuby2(miRE.FF5)-bGH,FF6x1,miRE.FF5,1,NT,5',CDS,2,controller,2995
RC216,hPGK,hPGK-TS.FF5x1-mRuby2(miRE.FF5)-bGH,FF5x1,miRE.FF5,1,T,5',CDS,2,controller,2996
RC217,hPGK,hPGK-TS.FF6x1-mRuby2-miRE.FF5-bGH,FF6x1,miRE.FF5,1,NT,5',UTR,3,controller,2957
RC218,hPGK,hPGK-TS.FF5x1-mRuby2-miRE.FF5-bGH,FF5x1,miRE.FF5,1,T,5',UTR,3,controller,2958
RC219,EF1a,EF1a-mRuby2(miRE.FF5)-bGH,none,miRE.FF5,0,na,na,CDS,0,miR,2997
RC220,EF1a,EF1a-mRuby2-miRE.FF5-bGH,none,miRE.FF5,0,na,na,UTR,0,miR,2974
RC221,EF1a,EF1a-mRuby2(miRE.FF5)-TS.FF6x1-bGH,FF6x1,miRE.FF5,1,NT,3',CDS,1,controller,2998
RC222,EF1a,EF1a-mRuby2(miRE.FF5)-TS.FF5x1-bGH,FF5x1,miRE.FF5,1,T,3',CDS,1,controller,2999
RC223,EF1a,EF1a-TS.FF6x1-mRuby2(miRE.FF5)-bGH,FF6x1,miRE.FF5,1,NT,5',CDS,2,controller,3000
RC224,EF1a,EF1a-TS.FF5x1-mRuby2(miRE.FF5)-bGH,FF5x1,miRE.FF5,1,T,5',CDS,2,controller,3001
RC225,EF1a,EF1a-TS.FF6x1-mRuby2-miRE.FF5-bGH,FF6x1,miRE.FF5,1,NT,5',UTR,3,controller,2975
RC226,EF1a,EF1a-TS.FF5x1-mRuby2-miRE.FF5-bGH,FF5x1,miRE.FF5,1,T,5',UTR,3,controller,2976
AIO.039,EFS,EFS-mGL-bGH,na,na,0,na,na,na,0,marker,2352
GEEC555,EF1a,EF1a-SNAP-iRFP-bGH,na,na,0,na,na,na,0,marker,2908
RC227,EF1a,EF1a-mGL(miRE.FF4)-bGH,none,miRE.FF4,0,na,na,CDS,0,miR,3009
RC228,EF1a,EF1a-mRuby2-TS.FF6x2-bGH,FF6x2,none,2,NT,3',na,0,ts3,3177
RC229,EF1a,EF1a-mRuby2-TS.FF6x4-bGH,FF6x4,none,4,NT,3',na,0,ts3,3178
RC230,EF1a,EF1a-mRuby2-TS.FF4x2-bGH,FF4x2,none,2,T,3',na,0,ts3,3179
RC231,EF1a,EF1a-mRuby2-TS.FF4x4-bGH,FF4x4,none,4,T,3',na,0,ts3,3180
RC232,EF1a,EF1a-mRuby2(miRE.FF4)-TS.FF6x2-bGH,FF6x2,miRE.FF4,2,NT,3',CDS,1,controller,3181
RC233,EF1a,EF1a-mRuby2(miRE.FF4)-TS.FF6x4-bGH,FF6x4,miRE.FF4,4,NT,3',CDS,1,controller,3182
RC234,EF1a,EF1a-mRuby2(miRE.FF4)-TS.FF4x2-bGH,FF4x2,miRE.FF4,2,T,3',CDS,1,controller,3183
RC235,EF1a,EF1a-mRuby2(miRE.FF4)-TS.FF4x4-bGH,FF4x4,miRE.FF4,4,T,3',CDS,1,controller,3184
RC236,CAG,CAG-mRuby2-bGH,none,none,0,na,na,na,0,base,3185
RC237,CAG,CAG-mRuby2(miRE.FF4)-TS.FF6x1-bGH,FF6x1,miRE.FF4,1,NT,3',CDS,1,controller,3186
RC238,CAG,CAG-mRuby2(miRE.FF4)-TS.FF4x1-bGH,FF4x1,miRE.FF4,1,T,3',CDS,1,controller,3187
RC239,EF1a,EF1a-mGL-bGH,na,na,0,na,na,na,0,marker,3188
RC601,EF1a,EF1a-mRuby2-TS.FF4x1-bGH,FF4x1,none,1,T,3',separate,0,dual,3010
RC602,EF1a,EF1a-mRuby2-TS.FF6x1-bGH,FF6x1,none,1,NT,3',separate,0,dual,3011
RC603,EF1a,EF1a-TS.FF4x1-mRuby2-bGH,FF4x1,none,1,T,5',separate,0,dual,3012
RC604,EF1a,EF1a-TS.FF6x1-mRuby2-bGH,FF6x1,none,1,NT,5',separate,0,dual,3013
GEEC301,TRE3G,TRE3G-mRuby2-bGH,none,none,0,na,na,na,0,base,1384
RC240,EF1a,EF1a-NLS-iCre-2A-mRuby2(miRE-FF4)-TS.FF4x1-bGH,FF4x1,miRE.FF4,1,T,3',CDS,1,controller,3014
RC241,EF1a,EF1a-MCP-Halo-NLS-bGH,none,none,0,na,na,na,0,base,0
RC242,EF1a,EF1a-MCP-Halo(miRE.FF4)-NLS-TS.FF6x1-bGH,FF6x1,miRE.FF4,1,NT,3',CDS,1,controller,0
RC243,EF1a,EF1a-MCP-Halo(miRE.FF4)-NLS-TS.FF4x1-bGH,FF4x1,miRE.FF4,1,T,3',CDS,1,controller,0
RC245,EF1a,EF1a-mGL-53BP1-bGH,none,none,0,na,na,na,0,base,0
RC246,EF1a,EF1a-mGL(miRE.FF4)-53BP1-TS.FF6x1-bGH,FF6x1,miRE.FF4,1,NT,3',CDS,1,controller,0
RC247,EF1a,EF1a-mGL(miRE.FF4)-53BP1-TS.FF4x1-bGH,FF4x1,miRE.FF4,1,T,3',CDS,1,controller,0
RC248,EF1a,EF1a-mGL-mp53-bGH,none,none,0,na,na,na,0,base,0
RC249,EF1a,EF1a-mGL(miRE.FF4)-mp53-TS.FF6x1-bGH,FF6x1,miRE.FF4,1,NT,3',CDS,1,controller,0
RC250,EF1a,EF1a-mGL(miRE.FF4)-mp53-TS.FF4x1-bGH,FF4x1,miRE.FF4,1,T,3',CDS,1,controller,0
RC251,EF1a,EF1a-Halo-mp53-bGH,none,none,0,na,na,na,0,base,0
RC252,EF1a,EF1a-Halo(miRE.FF4)-mp53-TS.FF6x1-bGH,FF6x1,miRE.FF4,1,NT,3',CDS,1,controller,0
RC253,EF1a,EF1a-Halo(miRE.FF4)-mp53-TS.FF4x1-bGH,FF4x1,miRE.FF4,1,T,3',CDS,1,controller,0
RC254,EF1a,EF1a-Halo(miRE.Trp53.1)-mp53-bGH,mp53,miRE.Trp53.1,1,T,CDS,CDS,1,controller,0
RC255,EF1a,EF1a-Halo(miR.shTrp53)-mp53-bGH,mp53,miR.shTrp53,1,T,CDS,CDS,1,controller,0
RC256,EF1a,EF1a-FXN-P2A-mRuby2-bGH,none,none,0,na,na,na,0,base,3189
RC257,EF1a,EF1a-FXN-P2A-mRuby2(miRE.FF4)-TS.FF6x1-bGH,FF6x1,miRE.FF4,1,NT,3',CDS,1,controller,3190
RC258,EF1a,EF1a-FXN-P2A-mRuby2(miRE.FF4)-TS.FF4x1-bGH,FF4x1,miRE.FF4,1,T,3',CDS,1,controller,3191
RC259,EF1a,EF1a-CHD2-P2A-mRuby2-bGH,none,none,0,na,na,na,0,base,0
RC260,EF1a,EF1a-CHD2-P2A-mRuby2(miRE.FF4)-TS.FF6x1-bGH,FF6x1,miRE.FF4,1,NT,3',CDS,1,controller,0
RC261,EF1a,EF1a-CHD2-P2A-mRuby2(miRE.FF4)-TS.FF4x1-bGH,FF4x1,miRE.FF4,1,T,3',CDS,1,controller,0
RC262,EF1a,EF1a-EGFP-FMRP-bGH,none,none,0,na,na,na,0,base,3076
RC263,EF1a,EF1a-EGFP(miRE.FF4)-FMRP-TS.FF6x1-bGH,FF6x1,miRE.FF4,1,NT,3',CDS,1,controller,3077
RC264,EF1a,EF1a-EGFP(miRE.FF4)-FMRP-TS.FF4x1-bGH,FF4x1,miRE.FF4,1,T,3',CDS,1,controller,3078
RC271,EF1a,EF1a-Cre-P2A-mRuby2-bGH,none,none,0,na,na,na,0,base,3055
RC272,EF1a,EF1a-Cre-P2A-mRuby2(miRE.FF4)-TS.FF6x1-bGH,FF6x1,miRE.FF4,1,NT,3',CDS,1,controller,3056
RC273,EF1a,EF1a-Cre-P2A-mRuby2(miRE.FF4)-TS.FF4x1-bGH,FF4x1,miRE.FF4,1,T,3',CDS,1,controller,3057
RC277,EF1a,EF1a-mGL(miRE.FF4)-TS.FF6x1-bGH,FF6x1,miRE.FF4,1,NT,3',CDS,1,controller,3275
RC278,EF1a,EF1a-mGL(miRE.FF4)-TS.FF4x1-bGH,FF4x1,miRE.FF4,1,T,3',CDS,1,controller,3276
RC279,hPGK,hPGK-mGL(miRE.FF4)-TS.FF6x1-bGH,FF6x1,miRE.FF4,1,NT,3',CDS,1,controller,3277
RC280,hPGK,hPGK-mGL(miRE.FF4)-TS.FF4x1-bGH,FF4x1,miRE.FF4,1,T,3',CDS,1,controller,3278
RC281,TRE3G,TRE3G-FXN-P2A-mRuby2-bGH,none,none,0,na,na,na,0,base,3640
RC282,TRE3G,TRE3G-FXN-P2A-mRuby2(miRE.FF4)-TS.FF6x1-bGH,FF6x1,miRE.FF4,1,NT,3',CDS,1,controller,3641
RC283,TRE3G,TRE3G-FXN-P2A-mRuby2(miRE.FF4)-TS.FF4x1-bGH,FF4x1,miRE.FF4,1,T,3',CDS,1,controller,3642
RC284,TRE3G,TRE3G-EGFP-FMRP-bGH,none,none,0,na,na,na,0,base,3791
RC285,TRE3G,TRE3G-EGFP(miRE.FF4)-FMRP-TS.FF6x1-bGH,FF6x1,miRE.FF4,1,NT,3',CDS,1,controller,3792
RC286,TRE3G,TRE3G-EGFP(miRE.FF4)-FMRP-TS.FF4x1-bGH,FF4x1,miRE.FF4,1,T,3',CDS,1,controller,3793
filler,na,none,na,na,0,na,na,na,0,un,0